{"cameraMode":{"drawMode":0,"name":"Shaded","section":"Shading Mode"},"sceneLighting":true,"audioPlay":false,"sceneViewState":{"showFog":true,"showMaterialUpdate":false,"showSkybox":true,"showFlares":true,"showImageEffects":true,"showParticleSystems":true},"in2DMode":false,"pivot":{"x":0.11611759662628174,"y":0.8730783462524414,"z":-0.13100802898406983},"rotation":{"x":0.005415003746747971,"y":0.7203367948532105,"z":-0.0056273359805345539,"w":0.6935910582542419},"size":0.5976991057395935,"orthographic":false}