{"cameraMode":{"drawMode":0,"name":"Shaded","section":"Shading Mode"},"sceneLighting":true,"audioPlay":false,"sceneViewState":{"showFog":true,"showMaterialUpdate":false,"showSkybox":true,"showFlares":true,"showImageEffects":true,"showParticleSystems":true},"in2DMode":false,"pivot":{"x":0.4267153739929199,"y":1.1772159337997437,"z":-1.3347604274749756},"rotation":{"x":0.21899276971817017,"y":-0.016946066170930864,"z":0.003825916675850749,"w":0.9756049513816834},"size":5.597705841064453,"orthographic":false}