{"cameraMode":{"drawMode":0,"name":"Shaded","section":"Shading Mode"},"sceneLighting":false,"audioPlay":false,"sceneViewState":{"showFog":true,"showMaterialUpdate":false,"showSkybox":false,"showFlares":true,"showImageEffects":true,"showParticleSystems":true},"in2DMode":false,"pivot":{"x":0.019883068278431894,"y":-0.7724776268005371,"z":-1.2280933856964112},"rotation":{"x":-0.0006355599034577608,"y":-0.9640908241271973,"z":0.26558446884155276,"w":-0.002307344926521182},"size":1.6666635274887086,"orthographic":false}